,?context,en,zh
ui_scene_control.fold_all,,"Fold all","全部折叠"
ui_scene_control.expand_all,,"Expand all","全部展开"
ui_scene_control.space_container_name,,"{0} Inventory","{0} 库存"
ui_scene_control.edit_button,,"Edit","编辑"
ui_scene_control.standby,,"Standby...","待机中..."
ui_scene_control.click_to_set_recipe,,"Click to set Recipe","点击以设置配方"
ui_scene_control.click_to_set_container,,"Click to set Container","点击以设置容器"
ui_scene_control.waiting_for_update,,"Waiting for update","等待更新"
ui_scene_control.lost_instance,,"Lost instance","丢失的实例"
ui_scene_control.pin,,"Pin","置顶"
ui_scene_control.close,,"Close","关闭"
ui_scene_control.select_recipe,,"Select","选定"
ui_scene_control.popup_tab_title.item_detail,,"Item: {0}","物品: {0}"
ui_scene_control.popup_tab_title.recipe_selector,,"Select recipe: {0}","选择配方: {0}"
log.info.ui_scene_control_space_detail_area.adding_container_item_container_instance,,"UIScene.Control.SpaceDetailArea: Adding ContainerItemContainer instance.","UIScene.Control.SpaceDetailArea: 正在添加ContainerItemContainer实例。"
log.info.ui_scene_control_space_detail_area.adding_factory_item_container_instance,,"UIScene.Control.SpaceDetailArea: Adding FactoryItemContainer instance.","UIScene.Control.SpaceDetailArea: 正在添加FactoryItemContainer实例。"
log.error.ui_scene_control_space_detail_area.failed_to_get_all_instance_guids_for_space_id_owned,,"UIScene.Control.SpaceDetailArea: Failed to get all instance GUIDs for Space ID owned by self.","UIScene.Control.SpaceDetailArea: 未能通过自身持有的空间ID获取所有实例GUID。"
log.info.ui_scene_control_container_item_container.going_to_remove_because_corresponding_guid_is_not_exist_anymore,,"UIScene.Control.ContainerItemContainer: Going to remove this instance because the container instance with the GUID corresponding isn't exist anymore.","UIScene.Control.ContainerItemContainer: 因对应GUID的容器实例不再存在故将移除本实例"
log.info.ui_scene_control_factory_item_container.going_to_remove_because_corresponding_guid_is_not_exist_anymore,,"UIScene.Control.FactoryItemContainer: Going to remove this instance because the factory instance with the GUID corresponding isn't exist anymore.","UIScene.Control.FactoryItemContainer: 因对应GUID的工厂实例不再存在故将移除本实例"
log.error.ui_scene_control_factory_item_container.failed_to_get_recipe_registry_object_for_current_recipe,,"UIScene.Control.FactoryItemContainer: Failed to get RecipeRegistryObject for current recipe.","UIScene.Control.FactoryItemContainer: 未能获取当前配方的RecipeRegistryObject。"
log.error.ui_scene_control_factory_item_container.failed_to_get_factory_registry_object_for_factory_id,,"UIScene.Control.FactoryItemContainer: Failed to get FactoryRegistryObject for factory ID {0}.","UIScene.Control.FactoryItemContainer: 未能获取工厂ID为{0}的FactoryRegistryObject。"
log.error.ui_scene_control_factory_item_container.failed_to_query_item_id_for_this_factory_guid,,"UIScene.Control.FactoryItemContainer: Failed to query item ID for factory with GUID {0}","UIScene.Control.FactoryItemContainer: 未能查询到GUID为{0}的工厂的物品ID。"
log.error.ui_scene_control_popup_tab_recipe_selector.failed_to_query_item_id_for_factory_guid,,"UIScene.Control.PopupTabRecipeSelector: Failed to query item ID for factory with instance GUID {0}.","UIScene.Control.PopupTabRecipeSelector: 未能从工厂实例GUID {0}查询物品ID。"
log.error.ui_scene_control_popup_tab_recipe_selector.failed_to_get_factory_registry_object_for_factory_id,,"UIScene.Control.PopupTabRecipeSelector: Failed to get FactoryRegistryObject for factory with item ID {0}.","UIScene.Control.PopupTabRecipeSelector: 未能获取工厂物品ID {0}的工厂注册表项。"
log.error.ui_scene_control_popup_tab_recipe_selector.the_recipe_order_of_target_factory_registry_object_is_not_recipe_order_manual_select,,"UIScene.Control.PopupTabRecipeSelector: The RecipeOrder of target FactoryRegistryObject is not RecipeOrderManualSelect. The item ID of target factory is {0}.","UIScene.Control.PopupTabRecipeSelector: 目标工厂注册表项的配方下单器不是手动选择型(RecipeOrderManualSelect)，目标工厂物品ID为{0}。"